date,open,high,close,low,volume,price_change,p_change,ma5,ma10,ma20,v_ma5,v_ma10,v_ma20
2018-11-13,5.77,5.99,5.95,5.74,51647.1,0.13,2.23,5.77,5.739,5.629,32609.08,32162.06,28487.3
2018-11-12,5.69,5.83,5.82,5.67,31323.58,0.13,2.29,5.724,5.698,5.598,27207.9,29387.92,27221.75
2018-11-09,5.63,5.75,5.69,5.61,21860.14,0.03,0.53,5.708,5.671,5.577,28105.92,28120.37,27156.97
2018-11-08,5.78,5.79,5.66,5.66,25416.14,-0.07,-1.22,5.724,5.657,5.563,31104.54,27747.15,28662.94
2018-11-07,5.73,5.84,5.73,5.7,32798.42,0.01,0.17,5.728,5.644,5.558,32573.02,27223.83,31335.03
2018-11-06,5.75,5.75,5.72,5.64,24641.24,-0.02,-0.35,5.708,5.627,5.58,31715.04,25923.78,31719.03
2018-11-05,5.78,5.83,5.74,5.66,35813.66,-0.03,-0.52,5.672,5.614,5.608,31567.94,26660.03,32455.49
2018-11-02,5.74,5.78,5.77,5.7,36853.24,0.09,1.58,5.634,5.609,5.634,28134.81,27941.1,33141.56
2018-11-01,5.68,5.72,5.68,5.64,32758.53,0.05,0.89,5.59,5.578,5.674,24389.76,26803.25,33979.17
2018-10-31,5.55,5.75,5.63,5.51,28508.53,0.09,1.62,5.56,5.544,5.717,21874.63,25564.8,37083.47
2018-10-30,5.55,5.56,5.54,5.35,23905.75,-0.01,-0.18,5.546,5.519,5.771,20132.53,24812.54,38402.22
2018-10-29,5.55,5.62,5.55,5.52,18648.0,0.0,0.0,5.556,5.498,5.829,21752.13,25055.57,41331.3
2018-10-26,5.57,5.65,5.55,5.52,18128.0,0.02,0.36,5.584,5.483,5.892,27747.38,26193.57,44601.36
2018-10-25,5.42,5.58,5.53,5.37,20182.88,-0.03,-0.54,5.566,5.469,5.953,29216.73,29578.73,48602.68
2018-10-24,5.54,5.65,5.56,5.53,19798.01,-0.03,-0.54,5.528,5.472,6.018,29254.96,35446.24,56743.04
2018-10-23,5.7,5.77,5.59,5.55,32003.74,-0.1,-1.76,5.492,5.532,6.069,29492.56,37514.28,62291.88
2018-10-22,5.52,5.79,5.69,5.51,48624.28,0.23,4.21,5.44,5.602,6.102,28359.01,38250.94,62657.5
2018-10-19,5.23,5.5,5.46,5.23,25474.76,0.12,2.25,5.382,5.658,6.135,24639.76,38342.02,62638.55
2018-10-18,5.34,5.44,5.34,5.3,20374.0,-0.04,-0.74,5.372,5.769,6.184,29940.72,41155.09,64651.45
2018-10-17,5.4,5.47,5.38,5.27,20986.0,0.05,0.94,5.416,5.89,6.231,41637.52,48602.15,65430.68
2018-10-16,5.44,5.56,5.33,5.26,26336.0,-0.07,-1.3,5.572,6.022,6.272,45536.01,51991.9,65778.26
2018-10-15,5.43,5.59,5.4,5.37,30028.04,-0.01,-0.18,5.764,6.16,6.311,48142.87,57607.03,66159.31
2018-10-12,5.54,5.54,5.41,5.12,51979.55,-0.15,-2.7,5.934,6.3,6.352,52044.27,63009.16,67457.9
2018-10-11,5.8,5.95,5.56,5.54,78858.02,-0.6,-9.74,6.166,6.436,6.401,52369.45,67626.63,67771.82
2018-10-10,6.26,6.33,6.16,6.12,40478.44,-0.13,-2.07,6.364,6.564,6.444,55566.77,78039.85,68428.32
2018-10-09,6.28,6.36,6.29,6.2,39370.3,0.04,0.64,6.472,6.606,6.453,58447.78,87069.48,69237.88
2018-10-08,6.46,6.47,6.25,6.2,49535.04,-0.32,-4.87,6.556,6.601,6.444,67071.2,87064.07,68913.48
2018-09-28,6.59,6.66,6.57,6.49,53605.46,0.02,0.3,6.666,6.611,6.44,73974.04,86935.08,67729.63
2018-09-27,6.65,6.83,6.55,6.46,94844.6,-0.15,-2.24,6.706,6.599,6.42,82883.81,88147.82,66665.48
2018-09-26,6.7,6.72,6.7,6.62,54883.52,-0.01,-0.15,6.764,6.571,6.41,100512.93,82259.22,63496.18
2018-09-25,6.77,6.85,6.71,6.62,82487.36,-0.09,-1.32,6.74,6.521,6.395,115691.18,79564.63,63643.1
2018-09-21,6.75,6.86,6.8,6.66,84049.28,0.03,0.44,6.646,6.462,6.378,107056.93,74711.59,62743.61
2018-09-20,6.76,6.84,6.77,6.65,98154.31,-0.07,-1.02,6.556,6.403,6.352,99896.11,71906.64,60883.51
2018-09-19,6.5,6.97,6.84,6.48,182990.16,0.26,3.95,6.492,6.365,6.326,93411.83,67917.01,59359.61
2018-09-18,6.29,6.86,6.58,6.25,130774.78,0.34,5.45,6.378,6.323,6.296,64005.52,58816.8,54147.25
2018-09-17,6.34,6.34,6.24,6.19,39316.14,-0.11,-1.73,6.302,6.299,6.291,43438.07,51406.28,56238.08
2018-09-14,6.41,6.45,6.35,6.31,48245.15,-0.1,-1.55,6.278,6.286,6.297,42366.25,50762.9,59488.0
2018-09-13,6.29,6.46,6.45,6.21,65732.93,0.18,2.87,6.25,6.269,6.269,43917.17,48524.18,57804.39
2018-09-12,6.18,6.35,6.27,6.13,35958.59,0.07,1.13,6.238,6.241,6.24,42422.19,45183.13,55318.41
2018-09-11,6.09,6.22,6.2,6.08,27937.56,0.08,1.31,6.268,6.248,6.219,53628.08,44733.15,54301.18
2018-09-10,6.23,6.24,6.12,6.09,33957.0,-0.09,-1.45,6.296,6.268,6.211,59374.49,47721.58,53712.49
2018-09-07,6.39,6.44,6.21,6.18,55999.78,-0.18,-2.82,6.294,6.294,6.207,59159.55,50775.64,52946.95
2018-09-06,6.39,6.47,6.39,6.3,58258.0,-0.03,-0.47,6.288,6.301,6.197,53131.19,49860.37,50969.56
2018-09-05,6.31,6.46,6.42,6.27,91988.06,0.08,1.26,6.244,6.287,6.177,47944.07,50802.21,49188.34
2018-09-04,6.07,6.34,6.34,6.06,56669.63,0.23,3.76,6.228,6.269,6.149,35838.21,49477.71,45283.59
2018-09-03,6.18,6.18,6.11,6.0,32882.26,-0.07,-1.13,6.24,6.283,6.13,36068.67,61069.88,43373.61
2018-08-31,6.2,6.34,6.18,6.15,25858.0,0.01,0.16,6.294,6.308,6.118,42391.73,68213.1,42701.09
2018-08-30,6.3,6.37,6.17,6.15,32322.4,-0.17,-2.68,6.314,6.268,6.1,46589.56,67084.6,42022.89
2018-08-29,6.35,6.41,6.34,6.31,31458.78,-0.06,-0.94,6.33,6.238,6.083,53660.36,65453.7,41755.69
2018-08-28,6.37,6.44,6.4,6.29,57821.9,0.02,0.31,6.31,6.19,6.069,63117.2,63869.22,41251.79
2018-08-27,6.28,6.42,6.38,6.22,64497.55,0.1,1.59,6.326,6.153,6.058,86071.08,59703.39,39663.07
2018-08-24,6.2,6.3,6.28,6.12,46847.15,0.03,0.48,6.322,6.119,6.054,94034.47,55118.25,37989.89
2018-08-23,6.22,6.3,6.25,6.1,67676.4,0.01,0.16,6.222,6.093,6.061,87579.65,52078.75,38203.19
2018-08-22,6.32,6.43,6.24,6.21,78742.98,-0.24,-3.7,6.146,6.066,6.061,77247.04,47574.46,35914.11
2018-08-21,6.37,6.58,6.48,6.21,172591.34,0.12,1.89,6.07,6.028,6.06,64621.24,41089.48,33098.58
2018-08-20,5.8,6.36,6.36,5.8,104314.48,0.58,10.04,5.98,5.977,6.048,33335.7,25677.34,26247.51
2018-08-17,5.95,5.95,5.78,5.78,14573.04,-0.09,-1.53,5.916,5.928,6.04,16202.04,17189.08,22792.55
2018-08-16,5.84,5.92,5.87,5.76,16013.36,0.01,0.17,5.964,5.931,6.054,16577.85,16961.18,23290.09
2018-08-15,6.0,6.03,5.86,5.85,15614.0,-0.17,-2.82,5.986,5.928,6.062,17901.87,18057.69,24105.66
2018-08-14,6.04,6.05,6.03,5.96,16163.62,-0.01,-0.17,5.986,5.947,6.078,17557.71,18634.37,25319.11
2018-08-13,5.96,6.06,6.04,5.88,18646.17,0.02,0.33,5.974,5.962,6.079,18018.98,19622.75,25677.58
2018-08-10,5.97,6.05,6.02,5.95,16452.1,0.04,0.67,5.94,5.988,6.079,18176.12,20861.52,25808.97
2018-08-09,5.83,6.03,5.98,5.83,22633.48,0.12,2.05,5.898,6.029,6.078,17344.5,24327.62,26138.35
2018-08-08,5.97,5.99,5.86,5.82,13893.2,-0.11,-1.84,5.87,6.055,6.08,18213.5,24253.76,26747.57
2018-08-07,5.87,5.99,5.97,5.81,18469.94,0.1,1.7,5.908,6.091,6.081,19711.02,25107.68,27518.48
2018-08-06,5.82,5.88,5.87,5.8,19431.89,0.06,1.03,5.95,6.119,6.085,21226.52,26817.69,27748.18
2018-08-03,5.79,5.9,5.81,5.79,12294.01,-0.03,-0.51,6.036,6.151,6.092,23546.92,28396.01,28294.54
2018-08-02,6.05,6.05,5.84,5.72,26978.47,-0.21,-3.47,6.16,6.177,6.095,31310.74,29619.0,28912.24
2018-08-01,6.17,6.23,6.05,6.05,21380.78,-0.13,-2.1,6.24,6.195,6.093,30294.02,30153.64,28586.22
2018-07-31,6.28,6.33,6.18,6.12,26047.47,-0.12,-1.91,6.274,6.208,6.089,30504.34,32003.85,29034.83
2018-07-30,6.37,6.44,6.3,6.29,31033.85,-0.13,-2.02,6.288,6.195,6.084,32408.85,31732.42,29957.4
2018-07-27,6.24,6.59,6.43,6.23,51113.13,0.19,3.04,6.266,6.169,6.059,33245.11,30756.42,29746.8
2018-07-26,6.22,6.32,6.24,6.22,21894.87,0.02,0.32,6.194,6.126,6.034,27927.26,27949.08,28774.28
2018-07-25,6.25,6.28,6.22,6.2,22432.39,-0.03,-0.48,6.15,6.104,6.006,30013.26,29241.38,28462.7
2018-07-24,6.19,6.28,6.25,6.13,35570.0,0.06,0.97,6.142,6.071,5.985,33503.36,29929.28,28290.86
2018-07-23,6.07,6.23,6.19,6.06,35215.16,0.12,1.98,6.102,6.051,5.963,31055.99,28678.68,27462.62
2018-07-20,5.96,6.1,6.07,5.96,24523.9,0.05,0.83,6.072,6.033,5.939,28267.73,28193.07,26971.8
2018-07-19,6.1,6.15,6.02,5.99,32324.84,-0.16,-2.59,6.058,6.013,5.925,27970.89,28205.48,26808.91
2018-07-18,6.08,6.18,6.18,6.05,39882.91,0.13,2.15,6.058,5.991,5.91,28469.5,27018.8,26634.41
2018-07-17,6.04,6.06,6.05,5.95,23333.13,0.01,0.17,6.0,5.97,5.889,26355.2,26065.81,26099.23
2018-07-16,6.0,6.08,6.04,5.98,21273.85,0.04,0.67,6.0,5.972,5.869,26301.37,28182.39,27300.57
2018-07-13,6.02,6.08,6.0,5.98,23039.73,-0.02,-0.33,5.994,5.949,5.877,28118.42,28737.19,27094.82
2018-07-12,5.88,6.07,6.02,5.86,34817.88,0.13,2.21,5.968,5.941,5.893,28440.07,29599.49,26700.93
2018-07-11,5.98,5.98,5.89,5.79,29311.4,-0.16,-2.65,5.924,5.908,5.905,25568.09,27684.03,25673.84
2018-07-10,6.02,6.09,6.05,5.96,23064.0,0.04,0.67,5.94,5.899,5.931,25776.41,26652.44,25637.36
2018-07-09,5.85,6.02,6.01,5.85,30359.09,0.14,2.38,5.944,5.874,5.942,30063.4,26246.56,25490.19
2018-07-06,5.8,5.97,5.87,5.7,24647.97,0.07,1.21,5.904,5.845,5.952,29355.96,25750.53,26171.64
2018-07-05,5.97,6.0,5.8,5.79,20458.0,-0.17,-2.85,5.914,5.837,5.979,30758.91,25412.33,26724.89
2018-07-04,6.07,6.07,5.97,5.9,30353.01,-0.1,-1.65,5.892,5.828,6.016,29799.96,26250.02,27894.64
2018-07-03,5.8,6.07,6.07,5.8,44498.95,0.26,4.47,5.858,5.808,6.05,27528.47,26132.65,28522.96
2018-07-02,5.93,6.01,5.81,5.77,26821.87,-0.11,-1.86,5.804,5.765,6.075,22429.72,26418.75,27344.41
2018-06-29,5.7,5.95,5.92,5.67,31662.7,0.23,4.04,5.786,5.805,6.115,22145.09,25452.45,27028.52
2018-06-28,5.74,5.86,5.69,5.69,15663.28,-0.11,-1.9,5.76,5.844,6.148,20065.76,23802.38,26701.59
2018-06-27,5.8,5.88,5.8,5.75,18995.56,0.0,0.0,5.764,5.901,6.189,22700.08,23663.66,27242.33
2018-06-26,5.66,5.81,5.8,5.6,19005.18,0.08,1.4,5.758,5.963,6.238,24736.83,24622.28,27212.5
2018-06-25,5.78,5.87,5.72,5.7,25398.73,-0.07,-1.21,5.726,6.009,6.293,30407.79,24733.83,27008.68
2018-06-22,5.65,5.81,5.79,5.6,21266.05,0.08,1.4,5.824,6.059,6.352,28759.81,26592.76,26774.27
2018-06-21,5.8,5.91,5.71,5.67,28834.86,-0.06,-1.04,5.928,6.121,6.412,27539.0,28037.45,26784.37
2018-06-20,5.66,5.81,5.77,5.56,29179.31,0.13,2.31,6.038,6.203,6.477,24627.23,29539.27,26692.76
2018-06-19,6.18,6.18,5.64,5.59,47360.0,-0.57,-9.18,6.168,6.292,6.543,24507.73,30913.28,26811.14
2018-06-15,6.31,6.36,6.21,6.15,17158.84,-0.1,-1.58,6.292,6.384,6.614,19059.86,28270.07,26056.05
2018-06-14,6.2,6.37,6.31,6.2,15162.01,0.05,0.8,6.294,6.424,6.65,24425.7,28604.59,26314.32
2018-06-13,6.42,6.42,6.26,6.25,14276.01,-0.16,-2.49,6.314,6.451,6.678,28535.9,29600.8,27237.3
2018-06-12,6.25,6.45,6.42,6.25,28581.79,0.16,2.56,6.368,6.476,6.715,34451.3,30821.0,28161.2
2018-06-11,6.22,6.27,6.26,6.15,20120.67,0.04,0.64,6.416,6.513,6.75,37318.83,29802.71,28366.54
2018-06-08,6.41,6.41,6.22,6.15,43988.04,-0.19,-2.96,6.476,6.576,6.792,37480.28,29283.53,29208.31
2018-06-07,6.54,6.56,6.41,6.4,35712.99,-0.12,-1.84,6.554,6.644,6.835,32783.47,26955.78,29199.0
2018-06-06,6.67,6.67,6.53,6.48,43853.0,-0.13,-1.95,6.588,6.702,6.875,30665.69,25531.28,29581.7
2018-06-05,6.57,6.66,6.66,6.48,42919.45,0.1,1.52,6.584,6.751,6.912,27190.69,23846.25,29804.69
2018-06-04,6.66,6.69,6.56,6.46,20927.92,-0.05,-0.76,6.61,6.793,6.946,22286.6,22708.99,30930.05
2018-06-01,6.57,6.7,6.61,6.55,20504.0,0.03,0.46,6.676,6.843,6.978,21086.78,23842.02,32456.14
2018-05-31,6.59,6.62,6.58,6.53,25124.09,0.07,1.07,6.734,6.876,7.006,21128.09,24024.06,34616.61
2018-05-30,6.74,6.74,6.51,6.5,26478.01,-0.28,-4.12,6.816,6.905,7.037,20396.87,24873.81,37623.01
2018-05-29,6.89,6.95,6.79,6.76,18398.97,-0.1,-1.45,6.918,6.953,7.073,20501.8,25501.4,44190.1
2018-05-28,6.98,6.98,6.89,6.87,14928.84,-0.01,-0.14,6.976,6.986,7.124,23131.38,26930.37,56439.38
2018-05-25,7.01,7.03,6.9,6.9,20710.53,-0.09,-1.29,7.01,7.007,7.199,26597.25,29133.09,72572.22
2018-05-24,7.02,7.07,6.99,6.98,21468.0,-0.03,-0.43,7.018,7.025,7.236,26920.03,31442.22,74208.66
2018-05-23,7.08,7.09,7.02,7.02,27002.67,-0.06,-0.85,6.994,7.047,7.255,29350.76,33632.12,75135.23
2018-05-22,7.07,7.1,7.08,6.99,31546.87,0.02,0.28,6.988,7.072,7.264,30500.99,35763.13,76789.91
2018-05-21,6.99,7.1,7.06,6.95,32258.2,0.12,1.73,6.996,7.099,7.289,30729.36,39151.1,78323.91
2018-05-18,6.82,6.96,6.94,6.82,22324.39,0.07,1.02,7.004,7.113,7.327,31668.93,41070.27,81351.34
2018-05-17,6.99,7.05,6.87,6.86,33621.65,-0.12,-1.72,7.032,7.136,7.375,35964.41,45209.17,83951.41
2018-05-16,7.11,7.11,6.99,6.99,32753.86,-0.13,-1.83,7.1,7.168,7.409,37913.48,50372.2,84609.89
2018-05-15,7.1,7.14,7.12,7.01,32688.7,0.02,0.28,7.156,7.192,7.439,41025.26,62878.8,85593.77
2018-05-14,7.12,7.21,7.1,7.08,36956.05,0.02,0.28,7.202,7.262,7.474,47572.85,85948.4,86399.12
2018-05-11,7.21,7.23,7.08,7.07,43801.78,-0.13,-1.8,7.222,7.391,7.513,50471.61,116011.34,87776.54
2018-05-10,7.25,7.3,7.21,7.16,43366.99,-0.06,-0.82,7.24,7.446,7.549,54453.93,116975.1,87989.69
2018-05-09,7.34,7.37,7.27,7.22,48312.78,-0.08,-1.09,7.236,7.462,7.578,62830.93,116638.35,89240.72
2018-05-08,7.22,7.35,7.35,7.2,65426.63,0.15,2.08,7.228,7.455,7.611,84732.33,117816.7,91191.88
2018-05-07,7.13,7.27,7.2,7.13,51449.85,0.03,0.42,7.322,7.479,7.625,124323.94,117496.73,90609.87
2018-05-04,7.16,7.35,7.17,7.16,63713.4,-0.02,-0.28,7.56,7.541,7.652,181551.08,121632.42,91469.87
2018-05-03,7.17,7.27,7.19,6.98,85251.97,-0.04,-0.55,7.652,7.614,7.674,179496.28,122693.66,90687.97
2018-05-02,7.59,7.63,7.23,7.2,157819.81,-0.59,-7.54,7.688,7.65,7.696,170445.76,118847.57,89063.97
2018-04-27,8.2,8.2,7.82,7.73,263384.69,-0.57,-6.79,7.682,7.686,7.707,150901.06,108308.74,82483.94
2018-04-26,7.63,8.39,8.39,7.5,337585.53,0.76,9.96,7.636,7.685,7.686,110669.51,86849.85,71229.66
2018-04-25,7.34,7.64,7.63,7.27,53439.38,0.26,3.53,7.522,7.635,7.638,61713.76,59541.73,56866.98
2018-04-24,7.2,7.37,7.37,7.15,39999.41,0.17,2.36,7.576,7.651,7.615,65891.04,59004.29,56106.46
2018-04-23,7.64,7.65,7.2,7.16,60096.31,-0.39,-5.14,7.612,7.693,7.593,67249.38,61843.1,57163.39
2018-04-20,7.77,7.88,7.59,7.57,62226.91,-0.23,-2.94,7.69,7.766,7.604,65716.41,64567.06,55651.99
2018-04-19,7.9,8.02,7.82,7.76,92806.8,-0.08,-1.01,7.734,7.77,7.593,63030.19,63723.01,54982.12
2018-04-18,7.63,7.9,7.9,7.53,74325.78,0.35,4.64,7.748,7.763,7.572,57369.69,61307.32,51961.92
2018-04-17,7.63,7.75,7.55,7.51,46791.12,-0.04,-0.53,7.726,7.734,7.547,52117.53,58682.28,49665.64
2018-04-16,7.78,7.8,7.59,7.55,52431.42,-0.22,-2.82,7.774,7.741,7.541,56436.81,59280.38,48693.37
2018-04-13,7.87,7.98,7.81,7.81,48795.82,-0.08,-1.01,7.842,7.727,7.537,63417.72,56659.14,48683.71
2018-04-12,7.7,7.95,7.89,7.7,64504.32,0.1,1.28,7.806,7.686,7.525,64415.82,55609.47,50386.55
2018-04-11,7.7,7.83,7.79,7.64,48064.97,0.0,0.0,7.778,7.641,7.527,65244.94,54192.23,53727.25
2018-04-10,7.89,7.98,7.79,7.63,68387.5,-0.14,-1.76,7.742,7.579,7.517,65247.03,53208.63,55478.44
2018-04-09,7.52,7.95,7.93,7.49,87335.97,0.3,3.93,7.708,7.492,7.493,62123.94,52483.68,54451.2
2018-04-04,7.78,7.83,7.63,7.6,53786.35,-0.12,-1.55,7.612,7.441,7.454,49900.57,46736.91,51104.85
2018-04-03,7.48,7.77,7.75,7.43,68649.9,0.14,1.84,7.566,7.415,7.43,46803.12,46241.24,49967.2
2018-04-02,7.67,7.67,7.61,7.56,48075.45,-0.01,-0.13,7.504,7.38,7.4,43139.51,42616.52,48503.56
2018-03-30,7.45,7.67,7.62,7.41,52772.05,0.17,2.28,7.416,7.359,7.372,41170.23,40649.0,47185.74
2018-03-29,7.41,7.49,7.45,7.4,26219.1,0.05,0.68,7.276,7.341,7.341,42843.42,38106.36,46064.07
2018-03-28,7.39,7.51,7.4,7.33,38299.11,-0.04,-0.54,7.27,7.347,7.324,43573.25,40708.28,46393.05
2018-03-27,7.25,7.56,7.44,7.17,50331.85,0.27,3.77,7.264,7.364,7.304,45679.36,45163.64,46232.2
2018-03-26,6.67,7.19,7.17,6.67,38229.03,0.25,3.61,7.256,7.413,7.283,42093.53,53262.27,45547.19
2018-03-23,7.25,7.39,6.92,6.76,61138.0,-0.5,-6.74,7.302,7.455,7.269,40127.78,57748.24,44955.13
2018-03-22,7.37,7.45,7.42,7.31,29868.28,0.05,0.68,7.406,7.493,7.261,33369.3,56418.72,42888.04
2018-03-21,7.36,7.62,7.37,7.36,48829.65,-0.03,-0.41,7.424,7.467,7.228,37843.31,55472.78,42263.88
2018-03-20,7.35,7.42,7.4,7.2,32402.69,0.0,0.0,7.464,7.444,7.194,44647.91,53693.17,40523.36
2018-03-19,7.45,7.54,7.4,7.33,28400.27,-0.04,-0.54,7.57,7.42,7.154,64431.01,54390.59,40242.13
2018-03-16,7.52,7.62,7.44,7.44,27345.61,-0.07,-0.93,7.608,7.385,7.111,75368.7,53722.47,39796.97
2018-03-15,7.48,7.74,7.51,7.36,52238.35,-0.06,-0.79,7.58,7.341,7.056,79468.13,54021.79,39970.99
2018-03-14,7.9,7.91,7.57,7.55,82852.63,-0.36,-4.54,7.51,7.3,7.009,73102.25,52077.82,38468.24
2018-03-13,7.58,8.26,7.93,7.46,131318.2,0.34,4.48,7.424,7.243,6.949,62738.42,47300.76,35625.44
2018-03-12,7.31,7.65,7.59,7.28,83088.72,0.29,3.97,7.27,7.152,6.868,44350.17,37832.11,30721.04
2018-03-09,7.14,7.45,7.3,7.14,47842.75,0.14,1.96,7.162,7.083,6.832,32076.24,32162.01,27309.85
2018-03-08,7.1,7.17,7.16,7.07,20408.97,0.02,0.28,7.102,7.029,6.81,28575.45,29357.37,26424.66
2018-03-07,7.15,7.23,7.14,7.02,31033.48,-0.02,-0.28,7.09,6.989,6.802,31053.38,29054.98,27909.17
2018-03-06,7.05,7.17,7.16,7.02,39376.95,0.11,1.56,7.062,6.943,6.821,31863.1,27353.56,29210.18
2018-03-05,7.05,7.11,7.05,7.0,21719.06,0.05,0.71,7.034,6.887,6.868,31314.04,26093.67,28028.09
2018-03-02,7.03,7.13,7.0,6.96,30338.77,-0.1,-1.41,7.004,6.837,6.918,32247.78,25871.47,28322.44
2018-03-01,7.0,7.1,7.1,6.95,32798.63,0.1,1.43,6.956,6.771,6.979,30139.3,25920.19,27933.17
2018-02-28,7.0,7.12,7.0,6.9,35082.09,-0.02,-0.28,6.888,6.718,7.036,27056.57,24858.67,28351.66
2018-02-27,6.93,7.09,7.02,6.9,36631.64,0.12,1.74,6.824,6.654,7.094,22844.02,23950.11,27898.99
2018-02-26,6.79,6.92,6.9,6.77,26387.79,0.14,2.07,6.74,6.584,7.15,20873.29,23609.97,27053.97
2018-02-23,6.76,6.92,6.76,6.68,19796.35,0.0,0.0,6.67,6.581,7.21,19495.16,22457.69,26857.06
2018-02-22,6.78,6.8,6.76,6.67,17385.0,0.08,1.2,6.586,6.591,7.276,21701.09,23491.95,28208.13
2018-02-14,6.6,6.72,6.68,6.51,14019.32,0.08,1.21,6.548,6.615,7.345,22660.77,26763.35,28288.11
2018-02-13,6.63,6.75,6.6,6.53,26778.0,0.05,0.76,6.484,6.698,7.418,25056.2,31066.81,29652.49
2018-02-12,6.46,6.58,6.55,6.37,19497.11,0.21,3.31,6.428,6.848,7.501,26346.64,29962.52,29204.39
2018-02-09,6.42,6.56,6.34,6.21,30826.0,-0.23,-3.5,6.492,6.999,7.587,25420.22,30773.4,29551.89
2018-02-08,6.29,6.57,6.57,6.28,22183.42,0.21,3.3,6.596,7.186,7.695,25282.82,29946.16,29156.68
2018-02-07,6.45,6.55,6.36,6.17,25996.46,0.04,0.63,6.682,7.354,7.793,30865.94,31844.64,29163.22
2018-02-06,6.85,6.85,6.32,6.3,33230.2,-0.55,-8.01,6.912,7.533,7.896,37077.41,31847.86,29300.3
2018-02-05,6.79,6.96,6.87,6.7,14865.0,0.01,0.15,7.268,7.715,8.009,33578.4,30497.97,29029.04
2018-02-02,7.0,7.09,6.86,6.71,30139.02,-0.14,-2.0,7.506,7.839,8.098,36126.58,31256.44,29638.55
2018-02-01,7.32,7.49,7.0,7.0,50099.01,-0.51,-6.79,7.776,7.96,8.191,34609.49,32924.31,29388.0
2018-01-31,8.06,8.08,7.51,7.29,57053.83,-0.59,-7.28,8.026,8.075,8.276,32823.34,29812.86,28325.53
2018-01-30,8.06,8.15,8.1,8.04,15735.16,0.04,0.5,8.154,8.138,8.339,26618.31,28238.18,27764.58
2018-01-29,8.21,8.24,8.06,8.05,27605.9,-0.15,-1.83,8.162,8.154,8.365,27417.53,28446.26,27976.19
2018-01-26,8.23,8.29,8.21,8.19,22553.55,-0.04,-0.48,8.172,8.174,8.389,26386.3,28330.37,27763.56
2018-01-25,8.15,8.3,8.25,8.11,41168.27,0.1,1.23,8.144,8.203,8.404,31239.12,28367.21,27929.41
2018-01-24,8.18,8.18,8.15,8.05,26028.67,0.01,0.12,8.124,8.232,8.421,26802.38,26481.8,27062.9
2018-01-23,8.11,8.18,8.14,8.08,19731.27,0.03,0.37,8.122,8.259,8.447,29858.05,26752.74,27274.15
2018-01-22,8.13,8.14,8.11,8.05,22449.75,0.04,0.5,8.146,8.302,8.473,29475.0,27560.12,28708.6
2018-01-19,8.22,8.36,8.07,8.02,46817.65,-0.08,-0.98,8.176,8.357,8.516,30274.44,28020.65,30924.94
2018-01-18,8.14,8.21,8.15,8.1,18984.58,0.01,0.12,8.262,8.421,8.552,25495.3,25851.7,30337.41
2018-01-17,8.26,8.27,8.14,8.04,41307.0,-0.12,-1.45,8.34,8.477,8.589,26161.22,26838.19,30743.84
2018-01-16,8.3,8.34,8.26,8.23,17816.0,0.0,0.0,8.396,8.539,8.639,23647.42,27290.98,30579.87
2018-01-15,8.5,8.52,8.26,8.24,26446.97,-0.24,-2.82,8.458,8.575,8.671,25645.25,27506.11,32104.27
2018-01-12,8.71,8.71,8.5,8.45,22921.96,-0.04,-0.47,8.538,8.603,8.714,25766.86,27196.75,33635.9
2018-01-11,8.33,8.58,8.54,8.29,22314.18,0.12,1.43,8.58,8.605,8.757,26208.1,27491.61,37727.71
2018-01-10,8.57,8.6,8.42,8.41,28738.0,-0.15,-1.75,8.614,8.609,8.771,27515.15,27644.0,37970.58
2018-01-09,8.6,8.67,8.57,8.55,27805.12,-0.09,-1.04,8.682,8.635,8.791,30934.55,27795.55,38144.31
2018-01-08,8.74,8.77,8.66,8.66,27055.02,-0.05,-0.57,8.692,8.644,8.805,29366.97,29857.07,39045.17
2018-01-05,8.67,8.74,8.71,8.64,25128.2,0.0,0.0,8.668,8.674,8.822,28626.65,33829.24,40146.38
2018-01-04,8.77,8.77,8.71,8.67,28849.42,-0.05,-0.57,8.63,8.683,8.84,28775.12,34823.11,42315.27
2018-01-03,8.63,8.77,8.76,8.63,45834.97,0.14,1.62,8.604,8.701,8.859,27772.85,34649.49,44011.57
2018-01-02,8.59,8.67,8.62,8.54,19967.24,0.08,0.94,8.588,8.738,8.87,24656.56,33868.75,47293.47
2017-12-29,8.53,8.56,8.54,8.42,23353.41,0.02,0.23,8.596,8.766,8.87,30347.17,36702.43,48837.51
2017-12-28,8.59,8.68,8.52,8.5,25870.58,-0.06,-0.7,8.68,8.824,8.863,39031.83,40075.04,48723.66
2017-12-27,8.63,8.74,8.58,8.54,23838.05,-0.1,-1.15,8.736,8.908,8.852,40871.1,47963.8,48388.94
2017-12-26,8.67,8.72,8.68,8.43,30253.53,0.02,0.23,8.798,8.933,8.839,41526.13,48297.16,48281.33
2017-12-25,8.88,8.92,8.66,8.59,48420.27,-0.3,-3.35,8.888,8.946,8.823,43080.94,48493.06,47689.12
2017-12-22,9.08,9.33,8.96,8.85,66776.72,0.16,1.82,8.936,8.966,8.805,43057.69,48233.28,46944.93
2017-12-21,8.89,8.94,8.8,8.7,35066.95,-0.09,-1.01,8.968,8.969,8.786,41118.26,46463.52,46078.17
2017-12-20,9.1,9.1,8.89,8.88,27113.16,-0.24,-2.63,9.08,8.997,8.756,55056.5,49807.42,45735.96
2017-12-19,8.98,9.15,9.13,8.9,38027.61,0.23,2.58,9.068,9.016,8.739,55068.2,53373.65,46220.05
2017-12-18,9.15,9.23,8.9,8.9,48303.99,-0.22,-2.41,9.004,9.002,8.702,53905.19,60718.19,45341.86
2017-12-15,9.41,9.44,9.12,9.11,57079.57,-0.24,-2.56,8.996,8.974,8.68,53408.87,60972.6,44311.46
2017-12-14,8.8,9.71,9.36,8.61,104758.16,0.53,6.0,8.97,8.902,8.641,51808.79,57372.28,44463.44
2017-12-13,8.79,8.88,8.83,8.7,27171.66,0.02,0.23,8.914,8.795,8.62,44558.34,48814.08,40732.38
2017-12-12,8.82,8.91,8.81,8.77,32212.55,-0.05,-0.56,8.964,8.744,8.633,51679.09,48265.51,40759.23
2017-12-11,8.99,9.0,8.86,8.79,45822.42,-0.13,-1.45,9.0,8.699,8.653,67531.2,46885.19,40666.52
2017-12-08,8.98,9.09,8.99,8.94,49079.15,-0.09,-0.99,8.952,8.644,8.669,68536.33,45656.57,40237.94
2017-12-07,9.0,9.23,9.08,8.9,68505.9,0.0,0.0,8.834,8.602,8.686,62935.77,45692.82,39102.34
2017-12-06,8.82,9.1,9.08,8.7,62775.45,0.09,1.0,8.676,8.514,8.698,53069.82,41664.5,36954.11
2017-12-05,8.61,9.35,8.99,8.61,111473.09,0.37,4.29,8.524,8.462,8.708,44851.92,39066.45,35580.65
2017-12-04,8.42,8.64,8.62,8.36,50848.06,0.22,2.62,8.398,8.401,8.718,26239.17,29965.53,31400.24
2017-12-01,8.31,8.45,8.4,8.23,21076.34,0.11,1.33,8.336,8.385,8.746,22776.82,27650.32,30126.36
2017-11-30,8.25,8.37,8.29,8.25,19176.14,-0.03,-0.36,8.37,8.38,8.781,28449.86,31554.61,30260.1
2017-11-29,8.36,8.36,8.32,8.18,21685.97,-0.04,-0.48,8.352,8.445,8.82,30259.18,32650.68,31321.18
2017-11-28,8.28,8.37,8.36,8.28,18409.33,0.05,0.6,8.4,8.522,8.87,33280.98,33252.94,31761.85
2017-11-27,8.46,8.5,8.31,8.22,33536.31,-0.26,-3.03,8.404,8.607,8.922,33691.88,34447.86,32797.54
2017-11-24,8.2,9.0,8.57,8.12,49441.56,0.37,4.51,8.434,8.693,8.979,32523.81,34819.3,33804.74
2017-11-23,8.58,8.58,8.2,8.1,28222.73,-0.36,-4.21,8.39,8.77,9.045,34659.36,32511.87,32914.21
2017-11-22,8.37,8.66,8.56,8.36,36794.96,0.18,2.15,8.538,8.881,9.136,35042.17,32243.73,33889.62
2017-11-21,8.46,8.5,8.38,8.36,20463.85,-0.08,-0.95,8.644,8.954,9.2,33224.91,32094.86,33312.67
2017-11-20,8.4,8.48,8.46,8.23,27695.96,0.11,1.32,8.81,9.034,9.27,35203.84,32834.96,34470.43
2017-11-17,8.95,8.98,8.35,8.26,60119.28,-0.59,-6.6,8.952,9.106,9.342,37114.8,32602.4,34665.53
2017-11-16,9.06,9.1,8.94,8.87,30136.82,-0.15,-1.65,9.15,9.181,9.422,30364.38,28965.58,33105.54
2017-11-15,9.18,9.18,9.09,9.07,27708.64,-0.12,-1.3,9.224,9.195,9.464,29445.28,29991.69,36153.74
2017-11-14,9.17,9.24,9.21,9.11,30358.51,0.04,0.44,9.264,9.218,9.518,30964.8,30270.75,38004.6
2017-11-13,9.36,9.36,9.17,9.11,37250.73,-0.17,-1.82,9.258,9.237,9.574,30466.08,31147.21,38683.57
2017-11-10,9.31,9.38,9.34,9.25,26367.21,0.03,0.32,9.26,9.264,9.631,28090.01,32790.18,41588.11
2017-11-09,9.27,9.42,9.31,9.22,25541.29,0.02,0.21,9.212,9.32,9.701,27566.78,33316.55,45254.41
2017-11-08,9.17,9.38,9.29,9.12,35306.27,0.11,1.2,9.166,9.39,9.786,30538.1,35535.52,48775.36
2017-11-07,9.13,9.18,9.18,9.05,27864.88,0.0,0.0,9.172,9.446,9.869,29576.7,34530.49,51420.43
2017-11-06,9.11,9.2,9.18,9.04,25370.4,0.08,0.88,9.216,9.506,9.967,31828.35,36105.9,56278.56
2017-11-03,9.03,9.14,9.1,9.03,23751.08,0.02,0.22,9.268,9.578,10.069,37490.34,36728.66,64207.46
2017-11-02,9.31,9.31,9.08,9.05,40397.89,-0.24,-2.58,9.428,9.662,10.183,39066.32,37245.5,75657.72
2017-11-01,9.4,9.42,9.32,9.3,30499.26,-0.08,-0.85,9.614,9.732,10.281,40532.93,42315.79,87024.28
2017-10-31,9.4,9.52,9.4,9.21,39123.13,-0.04,-0.42,9.72,9.818,10.35,39484.27,45738.44,94602.49
2017-10-30,9.9,9.91,9.44,9.35,53680.35,-0.46,-4.65,9.796,9.91,10.393,40383.45,46219.93,95828.85
2017-10-27,10.01,10.11,9.9,9.89,31630.98,-0.11,-1.1,9.888,9.997,10.435,35966.97,50386.05,98476.41
2017-10-26,9.87,10.04,10.01,9.82,47730.91,0.16,1.62,9.896,10.081,10.464,35424.68,57192.27,105270.74
2017-10-25,9.78,9.88,9.85,9.78,25256.0,0.07,0.72,9.85,10.182,10.477,44098.65,62015.2,107534.55
2017-10-24,9.9,9.95,9.78,9.73,43619.0,-0.12,-1.21,9.916,10.291,10.504,51992.61,68310.38,113065.93
2017-10-23,9.96,9.98,9.9,9.84,31597.97,-0.04,-0.4,10.024,10.428,10.517,52056.41,76451.22,112796.34
2017-10-20,9.82,9.95,9.94,9.79,28919.53,0.16,1.64,10.106,10.559,10.53,64805.12,91686.27,113517.95
2017-10-19,10.19,10.23,9.78,9.7,91100.74,-0.4,-3.93,10.266,10.703,10.532,78959.85,114069.94,113893.7
2017-10-18,10.35,10.53,10.18,10.17,64725.82,-0.14,-1.36,10.514,10.83,10.539,79931.75,131732.78,111351.98
2017-10-17,10.31,10.45,10.32,10.23,43937.99,0.01,0.1,10.666,10.881,10.528,84628.15,143466.53,111432.65
2017-10-16,10.57,10.73,10.31,10.26,95341.51,-0.43,-4.0,10.832,10.876,10.518,100846.02,145437.77,110925.27
2017-10-13,11.02,11.02,10.74,10.67,99693.19,-0.28,-2.54,11.012,10.872,10.512,118567.42,146566.78,108068.93
2017-10-12,10.92,11.09,11.02,10.87,95960.24,0.08,0.73,11.14,10.847,10.484,149180.03,153349.21,105416.28
2017-10-11,11.13,11.13,10.94,10.89,88207.8,-0.21,-1.88,11.146,10.772,10.442,183533.81,153053.89,102377.62
2017-10-10,11.19,11.23,11.15,11.01,125027.37,-0.06,-0.54,11.096,10.716,10.41,202304.92,157821.48,100777.42
2017-10-09,11.36,11.57,11.21,11.17,183948.48,-0.17,-1.49,10.92,10.606,10.365,190029.51,149141.47,96324.15
2017-09-29,10.94,11.46,11.38,10.84,252756.28,0.33,2.99,10.732,10.5,10.32,174566.15,135349.63,89993.37
2017-09-28,10.63,11.18,11.05,10.46,267729.12,0.36,3.37,10.554,10.36,10.264,157518.38,113717.45,79096.99
2017-09-27,10.25,10.84,10.69,10.15,182063.36,0.42,4.09,10.398,10.247,10.225,122573.97,90971.19,67033.73
2017-09-26,10.27,10.29,10.27,10.06,63650.31,0.0,0.0,10.336,10.175,10.204,113338.04,79398.76,59668.8
2017-09-25,10.5,10.55,10.27,10.26,106631.67,-0.22,-2.1,10.292,10.159,10.203,108253.42,76412.78,59874.62
2017-09-22,10.25,10.61,10.49,10.13,167517.45,0.22,2.14,10.268,10.152,10.208,96133.11,69571.07,57312.28
2017-09-21,10.36,10.47,10.27,10.23,93007.08,-0.11,-1.06,10.166,10.121,10.199,69916.53,57483.36,51530.66
2017-09-20,10.05,10.46,10.38,10.01,135883.7,0.33,3.28,10.096,10.112,10.193,59368.4,51701.35,48639.81
2017-09-19,10.2,10.23,10.05,10.03,38227.22,-0.1,-0.98,10.014,10.103,10.182,45459.48,43733.35,43725.22
2017-09-18,9.95,10.26,10.15,9.95,46030.08,0.17,1.7,10.026,10.123,10.189,44572.13,43506.83,44819.09
2017-09-15,9.9,10.05,9.98,9.9,36434.55,0.06,0.6,10.036,10.14,10.203,43009.04,44637.11,45680.68
2017-09-14,9.97,10.01,9.92,9.88,40266.46,-0.05,-0.5,10.076,10.167,10.221,45050.2,44476.52,48592.79
2017-09-13,10.08,10.13,9.97,9.9,66339.11,-0.14,-1.39,10.128,10.202,10.256,44034.3,43096.28,54092.54
2017-09-12,10.19,10.19,10.11,10.1,33790.44,-0.09,-0.88,10.192,10.232,10.288,42007.22,39938.85,54748.9
2017-09-11,10.16,10.2,10.2,10.1,38214.63,0.02,0.2,10.22,10.247,10.312,42441.53,43336.46,57975.48
2017-09-08,10.18,10.25,10.18,10.09,46640.34,0.0,0.0,10.244,10.263,10.321,46265.19,45053.48,59168.78
2017-09-07,10.24,10.3,10.18,10.18,35187.0,-0.11,-1.07,10.258,10.277,10.325,43902.84,45577.96,62517.66
2017-09-06,10.23,10.29,10.29,10.08,56203.7,0.04,0.39,10.276,10.274,10.336,42158.26,45578.26,64528.69
2017-09-05,10.27,10.35,10.25,10.2,35961.97,-0.07,-0.68,10.272,10.261,10.332,37870.47,43717.09,64265.53
2017-09-04,10.45,10.46,10.32,10.28,57332.94,0.07,0.68,10.274,10.255,10.338,44231.39,46131.34,67147.71
2017-09-01,10.26,10.3,10.25,10.19,34828.58,-0.02,-0.2,10.282,10.265,10.334,43841.78,46724.25,67823.14
2017-08-31,10.27,10.27,10.27,10.18,26464.09,0.0,0.0,10.296,10.274,10.337,47253.09,52709.06,73287.16
2017-08-30,10.23,10.31,10.27,10.16,34764.76,0.01,0.1,10.272,10.31,10.308,48998.27,65088.81,73462.78
2017-08-29,10.3,10.34,10.26,10.12,67766.56,-0.1,-0.96,10.25,10.343,10.277,49563.71,69558.96,75705.06
2017-08-28,10.29,10.45,10.36,10.23,55384.9,0.04,0.39,10.236,10.376,10.265,48031.3,72614.51,74476.51
2017-08-25,10.17,10.43,10.32,10.12,51885.14,0.17,1.68,10.248,10.378,10.251,49606.73,73284.07,74273.37
2017-08-24,10.13,10.26,10.15,10.1,35190.0,-0.01,-0.1,10.252,10.372,10.247,58165.03,79457.36,74635.49
2017-08-23,10.17,10.29,10.16,10.16,37591.93,-0.03,-0.29,10.348,10.397,10.254,81179.34,83479.11,76630.87
2017-08-22,10.42,10.42,10.19,10.14,60104.53,-0.23,-2.21,10.436,10.402,10.245,89554.21,84813.98,76503.74
2017-08-21,10.4,10.46,10.42,10.26,63262.05,0.08,0.77,10.516,10.421,10.231,97197.72,88164.08,75583.47
2017-08-18,10.57,10.59,10.34,10.32,94676.63,-0.29,-2.73,10.508,10.403,10.212,96961.41,88922.03,75289.78
2017-08-17,10.56,10.98,10.63,10.56,150261.55,0.03,0.28,10.492,10.399,10.181,100749.7,93865.27,72503.16
2017-08-16,10.54,10.65,10.6,10.41,79466.3,0.01,0.09,10.446,10.305,10.127,85778.87,81836.75,66434.23
2017-08-15,10.39,10.66,10.59,10.28,98322.07,0.21,2.02,10.368,10.21,10.073,80073.74,81851.16,63984.1
2017-08-14,10.22,10.38,10.38,10.15,62080.52,0.12,1.17,10.326,10.154,10.016,79130.43,76338.52,60908.29
2017-08-11,10.4,10.61,10.26,10.18,113618.05,-0.14,-1.35,10.298,10.124,9.961,80882.65,75262.67,62028.09
2017-08-10,10.17,10.45,10.4,10.12,75407.43,0.19,1.86,10.306,10.122,9.954,86980.84,69813.61,58446.42
2017-08-09,10.37,10.37,10.21,10.18,50940.64,-0.17,-1.64,10.164,10.11,9.945,77894.63,69782.64,56385.74
2017-08-08,10.19,10.48,10.38,10.1,93605.52,0.14,1.37,10.052,10.087,9.945,83628.57,68193.5,56904.82
2017-08-07,10.26,10.3,10.24,10.07,70841.59,-0.06,-0.58,9.982,10.041,9.947,73546.61,63002.87,54840.3
2017-08-04,9.64,10.4,10.3,9.64,144109.02,0.61,6.29,9.95,10.02,9.97,69642.7,61657.52,54520.37
2017-08-03,9.57,9.75,9.69,9.57,29976.39,0.04,0.41,9.938,9.962,9.99,52646.38,51141.06,50894.83
2017-08-02,10.04,10.07,9.65,9.59,79610.32,-0.38,-3.79,10.056,9.948,10.036,61670.64,51031.71,53017.63
2017-08-01,10.0,10.14,10.03,9.94,43195.71,-0.05,-0.5,10.122,9.936,10.078,52758.43,46117.04,51593.45
2017-07-31,10.24,10.31,10.08,9.97,51322.07,-0.16,-1.56,10.1,9.878,10.098,52459.13,45478.06,53451.91
2017-07-28,10.27,10.46,10.24,10.16,59127.43,-0.04,-0.39,10.09,9.798,10.103,53672.34,48793.5,52601.63
2017-07-27,9.97,10.28,10.28,9.91,75097.66,0.3,3.01,9.986,9.785,10.098,49635.74,47079.24,50843.3
2017-07-26,9.94,10.05,9.98,9.84,35049.26,0.06,0.6,9.84,9.78,10.09,40392.78,42988.85,48662.71
2017-07-25,10.0,10.05,9.92,9.86,41699.24,-0.11,-1.1,9.75,9.803,10.097,39475.66,45616.15,49117.49
2017-07-24,9.75,10.13,10.03,9.6,57388.11,0.31,3.19,9.656,9.853,10.118,38496.99,46677.73,49516.23
2017-07-21,9.55,9.73,9.72,9.52,38944.41,0.17,1.78,9.506,9.92,10.13,43914.66,47383.22,49109.08
2017-07-20,9.55,9.67,9.55,9.46,28882.89,0.02,0.21,9.584,10.018,10.155,44522.74,50648.6,49907.82
2017-07-19,9.45,9.55,9.53,9.35,30463.63,0.08,0.85,9.72,10.123,10.182,45584.92,55003.56,52390.12
2017-07-18,9.22,9.47,9.45,9.16,36805.92,0.17,1.83,9.856,10.219,10.232,51756.65,57069.86,55462.25
2017-07-17,10.19,10.19,9.28,9.21,84476.47,-0.83,-8.21,10.05,10.318,10.291,54858.46,61425.76,57896.33
2017-07-14,10.1,10.3,10.11,10.03,41984.77,-0.12,-1.17,10.334,10.408,10.346,50851.78,56409.75,57163.72
2017-07-13,10.19,10.32,10.23,10.1,34193.82,0.02,0.2,10.452,10.41,10.344,56774.47,54607.37,57791.94
2017-07-12,10.42,10.47,10.21,9.93,61322.26,-0.21,-2.02,10.526,10.4,10.337,64422.2,54336.57,59766.5
2017-07-11,10.68,10.68,10.42,10.41,52315.0,-0.28,-2.62,10.582,10.391,10.315,62383.07,52618.83,59644.41
2017-07-10,10.64,10.9,10.7,10.61,64443.05,0.0,0.0,10.586,10.382,10.272,67993.05,52354.73,58585.78
2017-07-07,10.54,10.78,10.7,10.45,71598.21,0.1,0.94,10.482,10.339,10.209,61967.72,50834.94,58370.77
2017-07-06,10.48,10.61,10.6,10.37,72432.46,0.11,1.05,10.368,10.291,10.168,52440.28,49167.04,59232.2
2017-07-05,10.45,10.52,10.49,10.35,51126.65,0.05,0.48,10.274,10.241,10.112,44250.95,49776.67,57733.65
2017-07-04,10.19,10.44,10.44,10.17,80364.88,0.26,2.55,10.2,10.244,10.063,42854.58,53854.63,57675.15
2017-07-03,10.14,10.18,10.18,10.07,34316.4,0.05,0.49,10.178,10.263,10.005,36716.4,54366.91,55576.47
2017-06-30,10.13,10.15,10.13,10.05,23961.0,0.0,0.0,10.196,10.283,9.953,39702.17,57917.68,55536.16
2017-06-29,10.1,10.19,10.13,10.06,31485.8,0.01,0.1,10.214,10.277,9.901,45893.81,60976.51,56737.89
2017-06-28,10.32,10.32,10.12,10.05,44144.83,-0.21,-2.03,10.208,10.273,9.832,55302.4,65196.43,58056.64
2017-06-27,10.27,10.45,10.33,10.2,49673.98,0.06,0.58,10.288,10.238,9.792,64854.69,66669.99,57604.45
2017-06-26,10.2,10.31,10.27,10.01,49245.22,0.05,0.49,10.348,10.162,9.745,72017.42,64816.83,57154.95
2017-06-23,10.2,10.35,10.22,10.0,54919.2,0.12,1.19,10.37,10.079,9.704,76133.2,65906.6,57029.13
2017-06-22,10.44,10.54,10.1,10.08,78528.78,-0.42,-3.99,10.34,10.044,9.655,76059.21,69297.36,57157.54
2017-06-21,10.8,10.97,10.52,10.37,91906.25,-0.11,-1.03,10.338,9.983,9.612,75090.46,65690.63,56831.28
2017-06-20,10.38,10.71,10.63,10.38,85487.66,0.25,2.41,10.188,9.881,9.586,68485.3,61495.67,53948.01
2017-06-19,10.1,10.66,10.38,10.07,69824.09,0.31,3.08,9.976,9.747,9.566,57616.24,56786.03,51136.8
2017-06-16,10.1,10.11,10.07,9.93,54549.26,-0.02,-0.2,9.788,9.622,9.562,55679.99,53154.64,49997.81
2017-06-15,9.77,10.1,10.09,9.72,73685.05,0.32,3.27,9.748,9.524,9.585,62535.51,52499.28,51001.47
2017-06-14,9.57,9.84,9.77,9.52,58880.42,0.2,2.09,9.628,9.391,9.601,56290.79,50916.85,50729.33
2017-06-13,9.43,9.64,9.57,9.43,31142.39,0.13,1.38,9.574,9.345,9.619,54506.05,48538.91,50267.51
2017-06-12,9.75,9.78,9.44,9.43,60142.85,-0.43,-4.36,9.518,9.328,9.643,55955.82,49493.07,51495.79
2017-06-09,9.49,9.94,9.87,9.42,88826.84,0.38,4.0,9.456,9.328,9.681,50629.29,48151.67,52379.84
2017-06-08,9.54,9.59,9.49,9.41,42461.47,-0.01,-0.1,9.3,9.265,9.709,42463.04,45017.73,51487.87
2017-06-07,9.3,9.57,9.5,9.18,49956.69,0.21,2.26,9.154,9.241,9.778,45542.9,47971.92,53582.01
2017-06-06,9.15,9.32,9.29,9.13,38391.23,0.16,1.75,9.116,9.291,9.83,42571.77,46400.35,54391.28
2017-06-05,9.1,9.25,9.13,9.04,33510.22,0.04,0.44,9.138,9.384,9.914,43030.33,45487.57,55502.03
2017-06-02,8.74,9.13,9.09,8.68,47995.6,0.33,3.77,9.2,9.502,10.014,45674.05,46840.98,56892.34
2017-06-01,9.31,9.31,8.76,8.76,57860.77,-0.55,-5.91,9.23,9.645,10.123,47572.41,49503.67,57648.24
2017-05-31,9.51,9.65,9.31,9.3,35101.05,-0.09,-0.96,9.328,9.811,10.258,50400.94,50541.8,57227.97
2017-05-26,9.45,9.54,9.4,9.35,40684.0,-0.04,-0.42,9.466,9.893,10.371,50228.93,51996.11,58596.75
2017-05-25,9.27,9.51,9.44,9.09,46728.82,0.2,2.17,9.63,9.958,10.473,47944.82,53498.51,63421.2
2017-05-24,9.11,9.25,9.24,8.77,57487.43,-0.01,-0.11,9.804,10.033,10.598,48007.92,56608.01,63795.35
2017-05-23,10.0,10.03,9.25,9.16,72003.42,-0.75,-7.5,10.06,10.152,10.731,51434.92,57958.0,64793.59
2017-05-22,10.22,10.27,10.0,9.97,34240.96,-0.22,-2.15,10.294,10.314,10.87,50682.66,59192.09,64962.06
2017-05-19,10.31,10.36,10.22,10.16,29263.47,-0.09,-0.87,10.32,10.368,11.014,53763.29,62382.21,65770.18
2017-05-18,10.39,10.52,10.31,10.23,47044.32,-0.21,-2.0,10.286,10.444,11.156,59052.2,65516.48,68308.54
2017-05-17,10.4,10.72,10.52,10.32,74622.42,0.1,0.96,10.262,10.525,11.298,65208.1,66943.69,71446.81
2017-05-16,10.11,10.47,10.42,9.96,68242.14,0.29,2.86,10.244,10.601,11.462,64481.09,65792.81,70644.21
2017-05-15,10.07,10.25,10.13,10.07,49644.12,0.08,0.8,10.334,10.704,11.641,67701.52,63914.14,71906.33
2017-05-12,10.19,10.29,10.05,9.96,55708.0,-0.14,-1.37,10.416,10.849,11.864,71001.13,65197.39,73880.56
2017-05-11,10.25,10.34,10.19,9.7,77823.82,-0.24,-2.3,10.602,10.988,12.089,71980.76,73343.89,78738.45
2017-05-10,10.84,10.84,10.43,10.31,70987.36,-0.44,-4.05,10.788,11.162,12.336,68679.28,70982.69,82547.89
2017-05-09,10.58,10.97,10.87,10.31,84344.28,0.33,3.13,10.958,11.309,12.591,67104.53,71629.18,91805.09
2017-05-08,10.96,11.06,10.54,10.5,66142.19,-0.44,-4.01,11.074,11.426,12.807,60126.77,70732.02,98204.6
2017-05-05,11.17,11.24,10.98,10.96,60606.17,-0.14,-1.26,11.282,11.659,13.013,59393.66,69158.15,100964.75
2017-05-04,11.28,11.4,11.12,11.11,61316.42,-0.16,-1.42,11.374,11.867,13.181,74707.02,71100.59,103056.54
2017-05-03,11.5,11.6,11.28,11.23,63113.59,-0.17,-1.49,11.536,12.07,13.348,73286.09,75949.92,106701.33
2017-05-02,11.64,11.75,11.45,11.34,49455.46,-0.13,-1.12,11.66,12.323,13.502,76153.84,75495.62,111018.71
2017-04-28,11.39,11.63,11.58,11.33,62476.64,0.14,1.22,11.778,12.577,13.659,81337.28,79898.51,116505.25
2017-04-27,11.95,11.99,11.44,10.74,137173.0,-0.49,-4.11,12.036,12.878,13.826,78922.63,82563.73,128372.43
2017-04-26,11.92,12.06,11.93,11.9,54211.77,0.03,0.25,12.36,13.19,14.058,67494.16,84133.0,129526.06
2017-04-25,11.87,12.13,11.9,11.85,77452.32,-0.14,-1.16,12.604,13.51,14.261,78613.76,94113.1,143403.34
2017-04-24,12.85,12.95,12.04,12.02,75372.67,-0.83,-6.45,12.986,13.873,14.464,74837.39,111980.99,157178.64
2017-04-21,13.15,13.17,12.87,12.85,50403.41,-0.19,-1.46,13.376,14.188,14.619,78459.74,125677.17,159823.76
2017-04-20,13.22,13.28,13.06,12.82,80030.61,-0.09,-0.68,13.72,14.366,14.714,86204.83,132771.36,161346.08
2017-04-19,13.62,13.64,13.15,13.05,109809.77,-0.66,-4.78,14.02,14.495,14.812,100771.84,135012.49,161097.85
2017-04-18,13.92,14.17,13.81,13.81,58570.5,-0.18,-1.29,14.416,14.625,14.902,109612.44,137452.73,159134.9
2017-04-17,14.49,14.5,13.99,13.88,93484.43,-0.6,-4.11,14.76,14.681,14.952,149124.58,146541.8,161461.89
2017-04-14,14.56,14.83,14.59,14.42,89128.84,0.03,0.21,15.0,14.74,14.998,172894.59,153111.99,162194.93
2017-04-13,15.08,15.08,14.56,14.48,152865.66,-0.57,-3.77,15.012,14.773,15.002,179337.9,174181.13,161045.02
2017-04-12,15.5,15.68,15.13,15.09,154012.78,-0.4,-2.58,14.97,14.925,15.004,169253.14,174919.12,158345.51
2017-04-11,15.22,15.59,15.53,14.9,256131.19,0.34,2.24,14.834,15.012,14.994,165293.01,192693.59,154982.15
2017-04-10,14.68,15.19,15.19,14.58,212334.48,0.54,3.69,14.602,15.055,14.953,143959.01,202376.29,149025.85
2017-04-07,14.35,14.85,14.65,14.34,121345.38,0.3,2.09,14.48,15.05,14.949,133329.4,193970.36,144468.72
2017-04-06,14.33,14.6,14.35,14.3,102441.89,-0.1,-0.69,14.534,15.062,14.988,169024.36,189920.8,145385.22
2017-04-05,14.25,14.54,14.45,13.8,134212.12,0.08,0.56,14.88,15.129,15.037,180585.09,187183.21,144575.54
2017-03-31,14.8,14.98,14.37,14.29,149461.2,-0.21,-1.44,15.19,15.178,15.078,220094.16,180817.07,143206.41
2017-03-30,14.63,15.08,14.58,14.53,159186.39,-0.34,-2.28,15.508,15.222,15.119,260793.57,176381.97,142290.33
2017-03-29,15.7,15.7,14.92,14.5,299820.19,-1.16,-7.21,15.62,15.256,15.155,254611.32,171277.86,144144.13
2017-03-28,15.88,16.08,16.08,15.6,160245.56,0.08,0.5,15.59,15.23,15.195,210817.24,147908.91,141282.3
2017-03-27,16.18,16.7,16.0,15.86,331757.47,0.04,0.25,15.378,15.082,15.188,193781.32,141771.9,144957.06
2017-03-24,15.16,16.0,15.96,15.16,352958.25,0.82,5.42,15.166,14.975,15.171,141539.98,117270.7,136673.86
2017-03-23,14.77,15.14,15.14,14.63,128275.14,0.37,2.5,14.936,14.851,15.154,91970.37,95675.41,130963.95
2017-03-22,15.02,15.02,14.77,14.6,80849.78,-0.25,-1.66,14.892,14.848,15.162,87944.39,94967.08,137031.19
2017-03-21,14.88,15.13,15.02,14.86,75065.98,0.08,0.54,14.87,14.914,15.221,85000.58,100849.64,142354.28
2017-03-20,14.81,14.94,14.94,14.68,70550.73,0.13,0.88,14.786,14.945,15.269,89762.47,101967.86,152798.12
2017-03-17,15.01,15.18,14.81,14.74,105110.24,-0.11,-0.74,14.784,14.977,15.328,93001.43,105595.75,166225.14
2017-03-16,14.65,14.97,14.92,14.61,108145.23,0.26,1.77,14.766,15.016,15.405,99380.44,108198.69,183273.45
2017-03-15,14.6,14.73,14.66,14.5,66130.71,0.06,0.41,14.804,15.054,15.457,101989.76,117010.41,192584.65
2017-03-14,14.96,14.99,14.6,14.51,98875.44,-0.33,-2.21,14.958,15.159,15.513,116698.71,134655.68,215035.46
2017-03-13,14.82,15.0,14.93,14.68,86745.54,0.21,1.43,15.104,15.294,15.63,114173.25,148142.23,244247.18
2017-03-10,15.15,15.18,14.72,14.7,137005.27,-0.39,-2.58,15.17,15.366,15.668,118190.06,156077.01,267487.91
2017-03-09,15.34,15.45,15.11,14.98,121191.84,-0.32,-2.07,15.266,15.457,15.687,117016.95,166252.5,277892.67
2017-03-08,15.4,15.66,15.43,15.26,139675.45,0.1,0.65,15.304,15.476,15.705,132031.06,179095.29,295018.35
2017-03-07,15.26,15.47,15.33,15.2,86248.17,0.07,0.46,15.36,15.527,15.721,152612.66,183858.93,327754.14
2017-03-06,15.18,15.44,15.26,15.15,106829.56,0.06,0.4,15.484,15.592,15.717,182111.2,203628.38,364255.13
2017-03-03,15.21,15.45,15.2,15.01,131139.72,-0.1,-0.65,15.562,15.678,15.663,193963.96,226854.53,370709.09
2017-03-02,15.61,15.88,15.3,15.25,196262.42,-0.41,-2.61,15.648,15.794,15.548,215488.05,258348.21,366583.18
2017-03-01,15.96,16.38,15.71,15.61,242583.42,-0.24,-1.5,15.648,15.859,15.435,226159.52,268158.88,356770.26
2017-02-28,15.6,16.06,15.95,15.53,233740.88,0.3,1.92,15.694,15.866,15.301,215105.19,295415.24,346743.65
2017-02-27,15.5,15.85,15.65,15.35,166093.38,0.02,0.13,15.7,15.966,15.154,225145.56,340352.13,338334.08
2017-02-24,15.38,15.88,15.63,15.23,238760.16,0.33,2.16,15.794,15.969,15.024,259745.09,378898.81,333198.74
2017-02-23,15.88,15.89,15.3,15.23,249619.78,-0.64,-4.01,15.94,15.916,14.888,301208.37,389532.85,325232.28
2017-02-22,15.85,15.98,15.94,15.62,187311.77,-0.04,-0.25,16.07,15.934,14.755,310158.24,410941.41,315060.1
2017-02-21,16.05,16.16,15.98,15.55,283942.72,-0.14,-0.87,16.038,15.915,14.575,375725.28,471649.36,307284.4
2017-02-20,16.25,16.86,16.12,15.91,339091.0,-0.24,-1.47,16.232,15.842,14.396,455558.7,524881.88,294942.25
2017-02-17,15.76,16.67,16.36,15.75,446076.56,0.41,2.57,16.144,15.648,14.215,498052.52,514563.65,281284.77
2017-02-16,15.61,16.09,15.95,15.49,294369.16,0.17,1.08,15.892,15.301,14.002,477857.33,474818.16,263102.08
2017-02-15,16.0,16.45,15.78,15.6,515146.97,-1.17,-6.9,15.798,15.01,13.829,511724.59,445381.64,251338.18
2017-02-14,15.79,17.25,16.95,15.62,683109.81,1.27,8.1,15.792,14.736,13.67,567573.43,398072.07,229129.63
2017-02-13,15.03,16.35,15.68,15.0,551560.12,0.58,3.84,15.452,14.341,13.471,594205.07,336316.03,198802.44
2017-02-10,15.31,15.69,15.1,15.01,345100.59,-0.38,-2.46,15.152,14.078,13.338,531074.77,287498.68,178035.98
2017-02-09,15.6,15.7,15.48,15.28,463705.44,-0.27,-1.71,14.71,13.86,13.255,471778.99,260931.72,169282.62
2017-02-08,14.76,16.7,15.75,14.68,794391.19,0.5,3.28,14.222,13.575,13.125,379038.7,219178.79,150188.31
2017-02-07,14.68,15.6,15.25,14.65,816268.0,1.07,7.55,13.68,13.234,12.981,228570.71,142919.44,115250.44
2017-02-06,12.87,14.18,14.18,12.85,235908.64,1.29,10.01,13.23,12.949,12.851,78426.99,65002.63,77131.94
2017-02-03,13.04,13.07,12.89,12.78,48621.68,-0.15,-1.15,13.004,12.781,12.766,43922.59,48005.89,68226.4
2017-02-02,13.04,13.04,13.04,13.04,4.0,0.0,0.0,13.01,12.702,12.731,50084.45,51385.99,66892.8
2017-01-26,13.0,13.13,13.04,12.92,42051.24,0.04,0.31,12.928,12.648,12.687,59318.87,57294.72,67962.07
2017-01-25,13.0,13.21,13.0,12.9,65549.4,-0.05,-0.38,12.788,12.604,12.642,57268.16,60187.2,67247.66
2017-01-24,12.84,13.08,13.05,12.7,63386.61,0.13,1.01,12.668,12.601,12.605,51578.26,61288.85,65588.68
2017-01-23,12.75,13.18,12.92,12.71,79430.98,0.29,2.3,12.558,12.597,12.567,52089.2,68573.28,64331.86
2017-01-20,12.24,12.64,12.63,12.18,46176.12,0.29,2.35,12.394,12.65,12.526,52687.53,77633.53,61897.64
2017-01-19,12.31,12.49,12.34,12.17,31797.7,-0.06,-0.48,12.368,12.675,12.507,55270.56,81197.83,61291.25
2017-01-18,12.48,12.6,12.4,12.32,37099.88,-0.1,-0.8,12.42,12.728,12.503,63106.23,87581.44,62001.41
2017-01-17,12.12,12.5,12.5,12.02,65941.32,0.4,3.31,12.534,12.752,12.482,70999.43,89261.25,62217.98
2017-01-16,12.52,12.57,12.1,11.77,82422.65,-0.4,-3.2,12.636,12.751,12.463,85057.35,88446.92,60881.58
2017-01-13,12.55,12.85,12.5,12.49,59091.26,-0.1,-0.79,12.906,12.76,12.467,102579.52,82399.61,58663.94
2017-01-12,12.91,12.97,12.6,12.58,70976.05,-0.37,-2.85,12.982,12.726,12.45,107125.1,78629.43,58634.7
2017-01-11,12.9,13.1,12.97,12.83,76565.88,-0.04,-0.31,13.036,12.68,12.42,112056.64,74308.13,57836.76
2017-01-10,13.36,13.36,13.01,12.97,136230.92,-0.44,-3.27,12.97,12.608,12.369,107523.06,69888.52,56328.68
2017-01-09,12.89,13.58,13.45,12.76,170033.48,0.57,4.42,12.866,12.536,12.308,91836.48,60090.44,53334.13
2017-01-06,12.97,13.1,12.88,12.84,81819.16,0.01,0.08,12.614,12.402,12.26,62219.71,46161.75,46505.19
2017-01-05,12.6,13.16,12.87,12.55,95633.77,0.23,1.82,12.47,12.339,12.241,50133.77,41384.67,44805.79
2017-01-04,12.52,12.65,12.64,12.43,53897.97,0.15,1.2,12.324,12.277,12.226,36559.61,36421.38,42464.91
2017-01-03,12.19,12.55,12.49,12.12,57798.02,0.3,2.46,12.246,12.211,12.218,32253.98,35174.71,44362.62
2016-12-30,12.13,12.24,12.19,12.13,21949.63,0.03,0.25,12.206,12.174,12.231,28344.39,33316.25,44036.52
2016-12-29,12.11,12.25,12.16,12.11,21389.45,0.02,0.17,12.19,12.173,12.265,30103.8,34928.27,46018.7
2016-12-28,12.27,12.31,12.14,12.13,27763.0,-0.11,-0.9,12.208,12.173,12.318,32635.57,38639.96,47522.8
2016-12-27,12.34,12.34,12.25,12.21,32369.81,-0.04,-0.33,12.23,12.16,12.366,36283.14,41365.39,48304.74
2016-12-26,12.08,12.29,12.29,12.03,38250.07,0.18,1.49,12.176,12.13,12.406,38095.45,42768.83,50186.04
2016-12-23,12.31,12.32,12.11,12.1,30746.66,-0.14,-1.14,12.142,12.079,12.452,38288.11,46577.83,51495.91
2016-12-22,12.22,12.3,12.25,12.12,34048.3,0.0,0.0,12.156,12.118,12.503,39752.73,46848.63,52817.72
2016-12-21,12.02,12.28,12.25,12.02,46000.85,0.27,2.25,12.138,12.143,12.543,44644.35,48226.91,55729.99
2016-12-20,12.08,12.18,11.98,11.91,41431.35,-0.14,-1.16,12.09,12.174,12.6,46447.64,48508.44,57067.2
2016-12-19,12.17,12.29,12.12,12.08,39213.41,-0.06,-0.49,12.084,12.225,12.676,47442.21,53550.52,59352.29
2016-12-16,12.16,12.25,12.18,12.08,38069.76,0.02,0.16,12.016,12.288,12.745,54867.54,54756.78,63420.82
2016-12-15,12.0,12.36,12.16,11.93,58506.37,0.15,1.25,12.08,12.357,12.797,53944.52,57109.13,65513.25
2016-12-14,11.85,12.2,12.01,11.85,55017.29,0.06,0.5,12.148,12.462,12.857,51809.47,56405.65,68567.89
2016-12-13,11.8,12.09,11.95,11.65,46404.23,0.17,1.44,12.258,12.571,12.911,50569.24,55244.09,68495.22
2016-12-12,12.58,12.58,11.78,11.68,76340.07,-0.72,-5.76,12.366,12.681,12.969,59658.84,57603.25,68819.28
2016-12-09,12.5,12.62,12.5,12.45,33454.64,0.0,0.0,12.56,12.825,13.033,54646.02,56413.99,68069.66
2016-12-08,12.58,12.65,12.5,12.49,47831.12,-0.06,-0.48,12.634,12.888,13.062,60273.74,58786.81,69689.8
2016-12-07,12.45,12.58,12.56,12.34,48816.16,0.07,0.56,12.776,12.943,13.085,61001.82,63233.06,71071.37
2016-12-06,12.81,12.85,12.49,12.31,91852.19,-0.26,-2.04,12.884,13.025,13.095,59918.93,65625.96,75727.15
2016-12-05,12.75,12.92,12.75,12.61,51275.99,-0.12,-0.93,12.996,13.127,13.129,55547.65,65154.06,74481.96
2016-12-02,13.24,13.24,12.87,12.86,61593.23,-0.34,-2.57,13.09,13.202,13.155,58181.96,72084.86,74898.51
2016-12-01,13.1,13.29,13.21,13.05,51471.54,0.11,0.84,13.142,13.237,13.17,57299.89,73917.37,75821.96
2016-11-30,13.09,13.15,13.1,12.99,43401.69,0.05,0.38,13.11,13.251,13.173,65464.3,80730.13,78698.27
2016-11-29,13.18,13.4,13.05,12.98,69995.82,-0.17,-1.29,13.166,13.251,13.187,71332.99,81746.35,82929.28
2016-11-28,13.15,13.36,13.22,13.08,64447.53,0.09,0.69,13.258,13.257,13.207,74760.47,80035.32,84546.64
2016-11-25,13.03,13.15,13.13,12.87,57182.87,0.08,0.61,13.314,13.241,13.23,85987.75,79725.32,92271.46
2016-11-24,13.39,13.47,13.05,13.04,92293.61,-0.33,-2.47,13.332,13.236,13.232,90534.86,80592.78,93513.26
2016-11-23,13.54,13.55,13.38,13.35,72745.14,-0.13,-0.96,13.392,13.226,13.241,95995.96,78909.67,95491.17
2016-11-22,13.54,13.55,13.51,13.36,87133.19,0.01,0.07,13.336,13.164,13.246,92159.71,85828.34,98051.98
2016-11-21,13.23,13.62,13.5,13.2,120583.96,0.28,2.12,13.256,13.131,13.249,85310.17,83809.85,100747.23
2016-11-18,13.28,13.34,13.22,13.12,79918.39,-0.13,-0.97,13.168,13.107,13.245,73462.89,77712.16,105194.17
2016-11-17,13.1,13.41,13.35,12.86,119599.13,0.25,1.91,13.14,13.102,13.265,70650.71,77726.54,118133.51
2016-11-16,13.11,13.2,13.1,13.02,53563.88,-0.01,-0.08,13.06,13.094,13.243,61823.38,76666.4,120097.87
2016-11-15,13.07,13.14,13.11,12.94,52885.51,0.05,0.38,12.992,13.123,13.229,79496.98,84112.2,131886.5
2016-11-14,13.1,13.18,13.06,12.99,61347.54,-0.02,-0.15,13.006,13.156,13.197,82309.53,89057.95,133558.28
2016-11-11,13.0,13.25,13.08,12.88,65857.49,0.13,1.0,13.046,13.219,13.161,81961.42,104817.59,134437.24
2016-11-10,12.88,13.07,12.95,12.87,75462.48,0.19,1.49,13.064,13.228,13.123,84802.37,106433.73,135189.72
2016-11-09,13.2,13.24,12.76,12.56,141931.86,-0.42,-3.19,13.128,13.255,13.084,91509.43,112072.67,134644.2
2016-11-08,13.34,13.37,13.18,13.15,66948.27,-0.08,-0.6,13.254,13.328,13.048,88727.43,110275.61,130473.07
2016-11-07,13.16,13.4,13.26,13.16,59607.0,0.09,0.68,13.306,13.367,12.975,95806.37,117684.6,128985.27
2016-11-04,13.26,13.47,13.17,13.13,80062.23,-0.1,-0.75,13.392,13.383,12.897,127673.76,132676.19,128632.34
2016-11-03,13.27,13.46,13.27,13.11,108997.78,-0.12,-0.9,13.392,13.428,12.818,128065.09,158540.48,127220.99
2016-11-02,13.42,13.83,13.39,13.35,128021.85,-0.1,-0.74,13.382,13.392,12.744,132635.91,163529.34,124576.0
2016-10-28,13.58,13.69,13.44,13.36,102342.99,-0.25,-1.83,13.402,13.335,12.662,131823.79,179660.79,123500.94
2016-10-27,13.2,13.86,13.69,13.11,218943.97,0.52,3.95,13.428,13.238,12.607,139562.84,178058.6,121340.74
2016-10-26,13.13,13.33,13.17,13.1,82018.84,-0.05,-0.38,13.374,13.103,12.543,137678.62,164056.89,113437.98
2016-10-25,13.44,13.52,13.22,13.14,131851.92,-0.27,-2.0,13.464,13.017,12.505,189015.87,163945.7,112989.88
2016-10-24,13.56,13.62,13.49,13.36,123961.22,-0.08,-0.59,13.402,12.912,12.472,194422.77,157215.74,110208.64
2016-10-21,13.54,13.64,13.57,13.2,141038.23,0.15,1.12,13.268,12.767,12.437,227497.79,150670.53,109228.36
2016-10-20,13.45,13.75,13.42,13.38,209522.88,-0.2,-1.47,13.048,12.583,12.39,216554.37,140285.93,109454.02
2016-10-19,12.91,13.76,13.62,12.72,338705.12,0.71,5.5,12.832,12.41,12.364,190435.15,124588.49,108624.01
2016-10-18,13.0,13.08,12.91,12.66,158886.39,0.09,0.7,12.57,12.208,12.288,138875.53,95901.49,97095.55
2016-10-17,12.84,13.5,12.82,12.63,289336.34,0.35,2.81,12.422,12.096,12.277,120008.71,85622.65,96306.32
2016-10-14,12.45,12.57,12.47,12.34,86321.13,0.13,1.05,12.266,11.988,12.262,73843.27,67341.09,87898.87
2016-10-13,12.3,12.42,12.34,12.21,78926.78,0.03,0.24,12.118,11.976,12.25,64017.49,64622.88,88556.92
2016-10-12,12.18,12.47,12.31,12.12,80907.02,0.14,1.15,11.988,11.983,12.254,58741.82,62819.07,89376.21
2016-10-11,12.09,12.22,12.17,11.98,64552.26,0.13,1.08,11.846,11.992,12.241,52927.46,62034.05,88314.01
2016-10-10,11.8,12.11,12.04,11.8,58509.16,0.31,2.64,11.77,12.031,12.238,51236.6,63201.55,89716.31
2016-09-30,11.62,11.81,11.73,11.62,37192.24,0.04,0.34,11.71,12.107,12.254,60838.9,67786.19,92093.52
2016-09-29,11.61,11.81,11.69,11.6,52548.42,0.09,0.78,11.834,12.196,12.294,65228.27,78622.11,97740.54
2016-09-28,11.79,11.82,11.6,11.59,51835.2,-0.19,-1.61,11.978,12.317,12.319,66896.32,92659.53,99237.62
2016-09-27,11.6,11.99,11.79,11.5,56097.97,0.05,0.43,12.138,12.367,12.354,71140.64,98289.61,106043.35
2016-09-26,12.25,12.32,11.74,11.7,106520.68,-0.61,-4.94,12.292,12.457,12.358,75166.5,106989.98,108201.56
2016-09-23,12.41,12.53,12.35,12.26,59139.06,-0.06,-0.48,12.504,12.536,12.351,74733.47,108456.66,105569.59
2016-09-22,12.46,12.57,12.41,12.38,60888.7,0.01,0.08,12.558,12.523,12.321,92015.96,112490.96,105597.55
2016-09-21,12.55,12.62,12.4,12.4,73056.81,-0.16,-1.27,12.656,12.525,12.294,118422.73,115933.35,106792.23
2016-09-20,12.75,12.76,12.56,12.46,76227.26,-0.24,-1.88,12.596,12.49,12.254,125438.57,114593.97,106535.58
2016-09-19,12.64,12.88,12.8,12.45,104355.54,0.18,1.43,12.622,12.445,12.213,138813.46,116231.07,106103.07
2016-09-14,12.8,12.8,12.62,12.4,145551.48,-0.28,-2.17,12.568,12.401,12.155,142179.84,116400.84,103807.54
2016-09-13,12.23,12.9,12.9,12.11,192922.55,0.8,6.61,12.488,12.392,12.108,132965.95,116858.98,99902.78
2016-09-12,12.41,12.46,12.1,12.1,108136.0,-0.59,-4.65,12.394,12.321,12.048,113443.97,105815.71,94405.26
2016-09-09,12.5,12.8,12.69,12.37,143101.73,0.16,1.28,12.384,12.341,12.018,103749.38,113797.1,92526.15
2016-09-08,12.28,12.54,12.53,12.21,121187.44,0.31,2.54,12.268,12.258,11.949,93648.68,109413.14,87254.67
2016-09-07,12.4,12.48,12.22,12.2,99482.04,-0.21,-1.69,12.234,12.166,11.883,90621.85,102682.52,83332.42
2016-09-06,12.15,12.45,12.43,11.9,95312.63,0.38,3.15,12.296,12.118,11.838,100752.0,98704.15,80619.69
2016-09-05,12.1,12.34,12.05,12.02,59663.07,-0.06,-0.49,12.248,12.063,11.791,98187.46,97651.11,79331.89
2016-09-02,12.36,12.39,12.11,11.95,92598.23,-0.25,-2.02,12.298,12.017,11.763,123844.82,98477.19,80072.41
2016-09-01,12.58,12.64,12.36,12.3,106053.26,-0.17,-1.36,12.248,11.98,11.717,125177.61,95975.08,79010.76
2016-08-31,12.35,12.65,12.53,12.18,150132.81,0.34,2.79,12.098,11.908,11.655,114743.2,91214.24,77067.08
2016-08-30,12.33,12.39,12.19,12.11,82489.91,-0.11,-0.89,11.94,11.824,11.583,96656.31,82946.59,72855.13
2016-08-29,11.94,12.45,12.3,11.94,187949.89,0.44,3.71,11.878,11.774,11.531,97114.75,82994.82,70645.44
2016-08-26,11.6,12.05,11.86,11.59,99262.16,0.25,2.15,11.736,11.694,11.469,73109.56,71255.2,64876.92
2016-08-25,11.68,11.68,11.61,11.44,53881.23,-0.13,-1.11,11.712,11.64,11.447,66772.54,65096.19,63086.88
2016-08-24,11.89,11.94,11.74,11.68,59698.35,-0.14,-1.18,11.718,11.599,11.454,67685.27,63982.32,65122.9
2016-08-23,11.68,11.9,11.88,11.59,84782.14,0.29,2.5,11.708,11.558,11.446,69236.87,62535.22,71766.09
2016-08-22,11.7,11.93,11.59,11.57,67923.94,-0.15,-1.28,11.67,11.519,11.48,68874.88,61012.67,73031.61
2016-08-19,11.63,11.78,11.74,11.57,67577.06,0.1,0.86,11.652,11.509,11.514,69400.84,61667.64,74433.14
2016-08-18,11.7,11.73,11.64,11.6,58444.86,-0.05,-0.43,11.568,11.453,11.539,63419.83,62046.44,78690.11
2016-08-17,11.7,11.79,11.69,11.61,67456.37,0.0,0.0,11.48,11.401,11.571,60279.36,62919.93,84303.98
2016-08-16,11.52,11.8,11.69,11.52,82972.17,0.19,1.65,11.408,11.341,11.595,55833.57,62763.66,85120.03
2016-08-15,11.37,11.58,11.5,11.28,70553.74,0.18,1.59,11.368,11.288,11.613,53150.46,58296.06,84213.97
2016-08-12,11.2,11.37,11.32,11.14,37672.0,0.12,1.07,11.366,11.244,11.638,53934.43,58498.64,84694.84
2016-08-11,11.32,11.49,11.2,11.2,42742.54,-0.13,-1.15,11.338,11.253,11.677,60673.05,61077.57,87365.08
2016-08-10,11.41,11.53,11.33,11.33,45227.41,-0.16,-1.39,11.322,11.308,11.722,65560.49,66263.49,90539.23
2016-08-09,11.4,11.52,11.49,11.31,69556.59,0.0,0.0,11.274,11.334,11.759,69693.75,80996.96,94433.92
2016-08-08,11.2,11.5,11.49,11.12,74473.61,0.31,2.77,11.208,11.44,11.791,63441.66,85050.56,97487.35
2016-08-05,11.08,11.26,11.18,10.99,71365.11,0.06,0.54,11.122,11.518,11.829,63062.84,87198.64,103523.09
2016-08-04,11.07,11.12,11.12,10.8,67179.74,0.03,0.27,11.168,11.624,11.873,61482.09,95333.79,109023.46
2016-08-03,11.12,11.23,11.09,11.02,65893.72,-0.07,-0.63,11.294,11.741,11.91,66966.48,105688.03,110997.3
2016-08-02,11.05,11.2,11.16,11.05,38296.13,0.1,0.9,11.394,11.849,11.952,92300.17,107476.39,113092.29
2016-08-01,11.46,11.46,11.06,10.9,72579.51,-0.35,-3.07,11.672,11.937,11.991,106659.46,110131.89,122772.29
2016-07-29,11.7,11.79,11.41,11.32,63461.37,-0.34,-2.89,11.914,12.032,12.033,111334.44,110891.04,128811.17
2016-07-28,11.65,11.83,11.75,11.43,94601.69,0.16,1.38,12.08,12.101,12.022,129185.48,113652.59,131284.43
2016-07-27,12.58,12.68,11.59,11.44,192562.17,-0.96,-7.65,12.188,12.136,11.99,144409.57,114814.97,129962.48
2016-07-26,12.21,12.56,12.55,12.21,110092.56,0.28,2.28,12.304,12.184,11.965,122652.61,107870.88,126325.82
2016-07-25,12.08,12.43,12.27,12.03,95954.39,0.03,0.24,12.202,12.141,11.901,113604.31,109924.13,126721.16
2016-07-22,12.4,12.8,12.24,12.23,152716.58,-0.05,-0.41,12.15,12.14,11.838,110447.64,119847.55,126766.86
2016-07-21,12.17,12.59,12.29,12.14,170722.16,0.12,0.99,12.122,12.122,11.757,98119.7,122713.14,124727.46
2016-07-20,12.01,12.2,12.17,11.97,83777.34,0.13,1.08,12.084,12.079,11.691,85220.36,116306.56,121326.81
2016-07-19,11.97,12.06,12.04,11.8,64851.09,0.03,0.25,12.064,12.054,11.628,93089.15,118708.18,121435.32
2016-07-18,12.05,12.22,12.01,11.93,80171.01,-0.09,-0.74,12.08,12.044,11.557,106243.96,135412.69,123157.99
2016-07-15,12.27,12.33,12.1,12.06,91076.89,0.0,0.0,12.13,12.033,11.485,129247.46,146731.31,121570.64
2016-07-14,12.08,12.23,12.1,11.89,106225.47,0.03,0.25,12.122,11.942,11.406,147306.59,148916.28,120157.73
2016-07-13,12.29,12.46,12.07,11.93,123121.31,-0.05,-0.41,12.074,11.844,11.324,147392.77,145110.0,118027.6
2016-07-12,12.1,12.3,12.12,11.81,130625.1,-0.14,-1.14,12.044,11.746,11.25,144327.21,144780.76,116042.88
2016-07-11,12.06,12.49,12.26,11.98,195188.52,0.2,1.66,12.008,11.661,11.157,164581.42,143518.19,113033.91
2016-07-08,11.8,12.33,12.06,11.72,181372.53,0.2,1.69,11.936,11.535,11.059,164215.16,133686.18,108740.61
2016-07-07,11.8,12.05,11.86,11.6,106656.37,-0.06,-0.5,11.762,11.392,11.013,150525.97,126741.77,103445.14
2016-07-06,11.98,12.03,11.92,11.69,107793.53,-0.02,-0.17,11.614,11.303,10.973,142827.23,126347.07,101621.37
2016-07-05,11.8,12.33,11.94,11.7,231896.16,0.04,0.34,11.448,11.202,10.938,145234.3,124162.47,101365.29
2016-07-04,11.08,11.95,11.9,11.08,193357.19,0.71,6.34,11.314,11.07,10.895,122454.96,110903.3,94023.66
2016-07-01,11.15,11.5,11.19,11.09,112926.62,0.07,0.63,11.134,10.937,10.854,103157.2,96409.97,88924.65
2016-06-30,11.09,11.23,11.12,11.01,68162.66,0.03,0.27,11.022,10.869,10.843,102957.57,91399.19,88098.36
2016-06-29,11.26,11.4,11.09,11.01,119828.88,-0.18,-1.6,10.992,10.804,10.838,109866.9,90945.21,90067.14
2016-06-28,10.94,11.29,11.27,10.87,117999.46,0.27,2.46,10.956,10.754,10.799,103090.63,87305.01,86571.29
2016-06-27,10.46,11.05,11.0,10.46,96868.37,0.37,3.48,10.826,10.653,10.762,99351.63,82549.62,84170.04
2016-06-24,10.98,11.05,10.63,10.3,111928.49,-0.34,-3.1,10.74,10.583,10.729,89662.75,83795.05,81959.49
2016-06-23,10.91,11.09,10.97,10.82,102709.3,0.06,0.55,10.716,10.634,10.717,79840.81,80148.5,79252.58
2016-06-22,10.62,10.93,10.91,10.53,85947.52,0.29,2.73,10.616,10.642,10.691,72023.52,76895.67,78362.82
2016-06-21,10.63,10.86,10.62,10.56,99304.47,0.05,0.47,10.552,10.673,10.666,71519.38,78568.11,76635.81
2016-06-20,10.55,10.62,10.57,10.28,48423.97,0.06,0.57,10.48,10.72,10.651,65747.61,77144.02,74789.04
2016-06-17,10.47,10.75,10.51,10.45,62818.77,0.04,0.38,10.426,10.77,10.631,77927.35,81439.32,75128.05
2016-06-16,10.6,10.65,10.47,10.43,63622.87,-0.12,-1.13,10.552,10.816,10.607,80456.2,84797.54,75222.0
2016-06-15,10.15,10.69,10.59,10.1,83426.83,0.33,3.22,10.668,10.872,10.609,81767.82,89189.07,74506.44
2016-06-14,10.2,10.38,10.26,10.04,70445.59,-0.04,-0.39,10.794,10.844,10.611,85616.84,85837.58,72986.77
2016-06-13,10.9,11.11,10.3,10.29,109322.68,-0.84,-7.54,10.96,10.87,10.629,88540.44,85790.47,73120.52
2016-06-08,11.05,11.24,11.14,10.94,75463.01,0.09,0.81,11.114,10.875,10.647,84951.3,80123.93,71109.29
2016-06-07,11.13,11.27,11.05,10.96,70180.99,-0.17,-1.51,11.08,10.799,10.618,89138.88,78356.66,70853.19
2016-06-06,11.12,11.5,11.22,11.0,102671.94,0.13,1.17,11.076,10.74,10.591,96610.32,79829.96,70895.2
2016-06-03,11.07,11.15,11.09,10.91,85063.56,0.02,0.18,10.894,10.658,10.549,86058.32,74703.5,68776.75
2016-06-02,10.92,11.16,11.07,10.9,91377.0,0.1,0.91,10.78,10.582,10.511,83040.5,72434.06,67613.41
2016-06-01,10.98,11.26,10.97,10.89,96400.91,-0.06,-0.54,10.636,10.491,10.468,75296.56,68816.78,65785.44
2016-05-31,10.34,11.14,11.03,10.34,107538.18,0.72,6.98,10.518,10.397,10.426,67574.43,65646.47,63234.15
2016-05-30,10.29,10.49,10.31,10.15,49911.96,-0.21,-2.0,10.404,10.345,10.371,63049.6,59823.81,59206.51
2016-05-27,10.3,10.62,10.52,10.26,69974.45,0.17,1.64,10.422,10.377,10.377,63348.67,60135.96,60135.96
2016-05-26,10.34,10.42,10.35,10.01,52657.29,-0.03,-0.29,10.384,10.361,10.361,61827.61,59042.8,59042.8
2016-05-25,10.58,10.67,10.38,10.28,57790.29,-0.08,-0.77,10.346,10.363,10.363,62337.0,59840.99,59840.99
2016-05-24,10.4,10.67,10.46,10.34,84914.03,0.06,0.58,10.276,10.36,10.36,63718.5,60133.94,60133.94
2016-05-23,10.33,10.48,10.4,10.26,51407.31,0.07,0.68,10.286,10.343,10.343,56598.02,56003.93,56003.93
2016-05-20,10.01,10.43,10.33,9.96,62369.15,0.17,1.67,10.332,10.332,10.332,56923.25,56923.25,56923.25
2016-05-19,10.02,10.35,10.16,10.02,55204.2,0.13,1.3,10.333,10.333,10.333,55561.78,55561.78,55561.78
2016-05-18,10.48,10.48,10.03,9.92,64697.83,-0.48,-4.57,10.39,10.39,10.39,55680.97,55680.97,55680.97
2016-05-17,10.62,10.7,10.51,10.41,49311.6,-0.12,-1.13,10.57,10.57,10.57,51172.54,51172.54,51172.54
2016-05-16,10.43,10.63,10.63,10.25,53033.48,0.18,1.72,10.63,10.63,10.63,53033.48,53033.48,53033.48
